Name,Album,Artist_Name,Genre,UnitPrice
Battlestar Galactica: The Story So Far,Battlestar Galactica: The Story So Far,Battlestar Galactica,Science Fiction,1.99
Occupation / Precipice,"Battlestar Galactica, Season 3",Battlestar Galactica,TV Shows,1.99
"Exodus, Pt. 1","Battlestar Galactica, Season 3",Battlestar Galactica,TV Shows,1.99
"Exodus, Pt. 2","Battlestar Galactica, Season 3",Battlestar Galactica,TV Shows,1.99
Collaborators,"Battlestar Galactica, Season 3",Battlestar Galactica,TV Shows,1.99
Torn,"Battlestar Galactica, Season 3",Battlestar Galactica,TV Shows,1.99
A Measure of Salvation,"Battlestar Galactica, Season 3",Battlestar Galactica,Science Fiction,1.99
Hero,"Battlestar Galactica, Season 3",Battlestar Galactica,Science Fiction,1.99
Unfinished Business,"Battlestar Galactica, Season 3",Battlestar Galactica,Science Fiction,1.99
The Passage,"Battlestar Galactica, Season 3",Battlestar Galactica,Science Fiction,1.99
The Eye of Jupiter,"Battlestar Galactica, Season 3",Battlestar Galactica,Science Fiction,1.99
Rapture,"Battlestar Galactica, Season 3",Battlestar Galactica,Science Fiction,1.99
Taking a Break from All Your Worries,"Battlestar Galactica, Season 3",Battlestar Galactica,Science Fiction,1.99
The Woman King,"Battlestar Galactica, Season 3",Battlestar Galactica,Science Fiction,1.99
A Day In the Life,"Battlestar Galactica, Season 3",Battlestar Galactica,Science Fiction,1.99
Dirty Hands,"Battlestar Galactica, Season 3",Battlestar Galactica,Science Fiction,1.99
Maelstrom,"Battlestar Galactica, Season 3",Battlestar Galactica,Science Fiction,1.99
The Son Also Rises,"Battlestar Galactica, Season 3",Battlestar Galactica,Science Fiction,1.99
"Crossroads, Pt. 1","Battlestar Galactica, Season 3",Battlestar Galactica,Sci Fi & Fantasy,1.99
"Crossroads, Pt. 2","Battlestar Galactica, Season 3",Battlestar Galactica,Sci Fi & Fantasy,1.99
Genesis,"Heroes, Season 1",Heroes,TV Shows,1.99
Don't Look Back,"Heroes, Season 1",Heroes,Drama,1.99
One Giant Leap,"Heroes, Season 1",Heroes,Drama,1.99
Collision,"Heroes, Season 1",Heroes,Drama,1.99
Hiros,"Heroes, Season 1",Heroes,Drama,1.99
Better Halves,"Heroes, Season 1",Heroes,Drama,1.99
Nothing to Hide,"Heroes, Season 1",Heroes,TV Shows,1.99
Seven Minutes to Midnight,"Heroes, Season 1",Heroes,Drama,1.99
Homecoming,"Heroes, Season 1",Heroes,Drama,1.99
Six Months Ago,"Heroes, Season 1",Heroes,TV Shows,1.99
Fallout,"Heroes, Season 1",Heroes,Drama,1.99
The Fix,"Heroes, Season 1",Heroes,Drama,1.99
Distractions,"Heroes, Season 1",Heroes,Drama,1.99
Run!,"Heroes, Season 1",Heroes,Drama,1.99
Unexpected,"Heroes, Season 1",Heroes,Drama,1.99
Company Man,"Heroes, Season 1",Heroes,Drama,1.99
Company Man,"Heroes, Season 1",Heroes,Drama,1.99
Parasite,"Heroes, Season 1",Heroes,Drama,1.99
A Tale of Two Cities,"Lost, Season 3",Lost,TV Shows,1.99
"Lost (Pilot, Part 1) [Premiere]","Lost, Season 1",Lost,TV Shows,1.99
"Man of Science, Man of Faith (Premiere)","Lost, Season 2",Lost,TV Shows,1.99
Adrift,"Lost, Season 2",Lost,TV Shows,1.99
"Lost (Pilot, Part 2)","Lost, Season 1",Lost,TV Shows,1.99
The Glass Ballerina,"Lost, Season 3",Lost,Drama,1.99
Further Instructions,"Lost, Season 3",Lost,TV Shows,1.99
Orientation,"Lost, Season 2",Lost,TV Shows,1.99
Tabula Rasa,"Lost, Season 1",Lost,TV Shows,1.99
Every Man for Himself,"Lost, Season 3",Lost,Drama,1.99
Everybody Hates Hugo,"Lost, Season 2",Lost,TV Shows,1.99
Walkabout,"Lost, Season 1",Lost,TV Shows,1.99
...And Found,"Lost, Season 2",Lost,TV Shows,1.99
The Cost of Living,"Lost, Season 3",Lost,TV Shows,1.99
White Rabbit,"Lost, Season 1",Lost,TV Shows,1.99
Abandoned,"Lost, Season 2",Lost,TV Shows,1.99
House of the Rising Sun,"Lost, Season 1",Lost,TV Shows,1.99
I Do,"Lost, Season 3",Lost,TV Shows,1.99
Not In Portland,"Lost, Season 3",Lost,Drama,1.99
Not In Portland,"Lost, Season 3",Lost,Drama,1.99
The Moth,"Lost, Season 1",Lost,TV Shows,1.99
The Other 48 Days,"Lost, Season 2",Lost,TV Shows,1.99
Collision,"Lost, Season 2",Lost,TV Shows,1.99
Confidence Man,"Lost, Season 1",Lost,TV Shows,1.99
Flashes Before Your Eyes,"Lost, Season 3",Lost,Drama,1.99
Lost Survival Guide,"Lost, Season 3",Lost,Drama,1.99
Solitary,"Lost, Season 1",Lost,TV Shows,1.99
What Kate Did,"Lost, Season 2",Lost,TV Shows,1.99
Raised By Another,"Lost, Season 1",Lost,TV Shows,1.99
Stranger In a Strange Land,"Lost, Season 3",Lost,Drama,1.99
The 23rd Psalm,"Lost, Season 2",Lost,TV Shows,1.99
All the Best Cowboys Have Daddy Issues,"Lost, Season 1",Lost,TV Shows,1.99
The Hunting Party,"Lost, Season 2",Lost,Drama,1.99
Tricia Tanaka Is Dead,"Lost, Season 3",Lost,Drama,1.99
Enter 77,"Lost, Season 3",Lost,Drama,1.99
Fire + Water,"Lost, Season 2",Lost,Drama,1.99
Whatever the Case May Be,"Lost, Season 1",Lost,TV Shows,1.99
Hearts and Minds,"Lost, Season 1",Lost,TV Shows,1.99
Par Avion,"Lost, Season 3",Lost,Drama,1.99
The Long Con,"Lost, Season 2",Lost,TV Shows,1.99
One of Them,"Lost, Season 2",Lost,Drama,1.99
Special,"Lost, Season 1",Lost,TV Shows,1.99
The Man from Tallahassee,"Lost, Season 3",Lost,Drama,1.99
Exposé,"Lost, Season 3",Lost,Drama,1.99
Homecoming,"Lost, Season 1",Lost,TV Shows,1.99
Maternity Leave,"Lost, Season 2",Lost,Drama,1.99
Left Behind,"Lost, Season 3",Lost,Drama,1.99
Outlaws,"Lost, Season 1",Lost,TV Shows,1.99
The Whole Truth,"Lost, Season 2",Lost,Drama,1.99
...In Translation,"Lost, Season 1",Lost,TV Shows,1.99
Lockdown,"Lost, Season 2",Lost,Drama,1.99
One of Us,"Lost, Season 3",Lost,Drama,1.99
Catch-22,"Lost, Season 3",Lost,Drama,1.99
Dave,"Lost, Season 2",Lost,TV Shows,1.99
Numbers,"Lost, Season 1",Lost,TV Shows,1.99
D.O.C.,"Lost, Season 3",Lost,Drama,1.99
Deus Ex Machina,"Lost, Season 1",Lost,TV Shows,1.99
S.O.S.,"Lost, Season 2",Lost,TV Shows,1.99
Do No Harm,"Lost, Season 1",Lost,TV Shows,1.99
Two for the Road,"Lost, Season 2",Lost,Drama,1.99
The Greater Good,"Lost, Season 1",Lost,TV Shows,1.99
"""?""","Lost, Season 2",Lost,TV Shows,1.99
Born to Run,"Lost, Season 1",Lost,TV Shows,1.99
Three Minutes,"Lost, Season 2",Lost,TV Shows,1.99
Exodus (Part 1),"Lost, Season 1",Lost,TV Shows,1.99
"Live Together, Die Alone, Pt. 1","Lost, Season 2",Lost,Drama,1.99
Exodus (Part 2) [Season Finale],"Lost, Season 1",Lost,TV Shows,1.99
"Live Together, Die Alone, Pt. 2","Lost, Season 2",Lost,TV Shows,1.99
Exodus (Part 3) [Season Finale],"Lost, Season 1",Lost,TV Shows,1.99
The Brig,"Lost, Season 3",Lost,Drama,1.99
.07%,"Heroes, Season 1",Heroes,Drama,1.99
Five Years Gone,"Heroes, Season 1",Heroes,Drama,1.99
The Hard Part,"Heroes, Season 1",Heroes,Drama,1.99
The Man Behind the Curtain,"Lost, Season 3",Lost,Drama,1.99
Greatest Hits,"Lost, Season 3",Lost,Drama,1.99
Landslide,"Heroes, Season 1",Heroes,Drama,1.99
The Office: An American Workplace (Pilot),"The Office, Season 1",The Office,TV Shows,1.99
Diversity Day,"The Office, Season 1",The Office,TV Shows,1.99
Health Care,"The Office, Season 1",The Office,TV Shows,1.99
The Alliance,"The Office, Season 1",The Office,TV Shows,1.99
Basketball,"The Office, Season 1",The Office,TV Shows,1.99
Hot Girl,"The Office, Season 1",The Office,TV Shows,1.99
The Dundies,"The Office, Season 2",The Office,TV Shows,1.99
Sexual Harassment,"The Office, Season 2",The Office,TV Shows,1.99
Office Olympics,"The Office, Season 2",The Office,TV Shows,1.99
The Fire,"The Office, Season 2",The Office,TV Shows,1.99
Halloween,"The Office, Season 2",The Office,TV Shows,1.99
The Fight,"The Office, Season 2",The Office,TV Shows,1.99
The Client,"The Office, Season 2",The Office,TV Shows,1.99
Performance Review,"The Office, Season 2",The Office,TV Shows,1.99
Email Surveillance,"The Office, Season 2",The Office,TV Shows,1.99
Christmas Party,"The Office, Season 2",The Office,TV Shows,1.99
Booze Cruise,"The Office, Season 2",The Office,TV Shows,1.99
The Injury,"The Office, Season 2",The Office,TV Shows,1.99
The Secret,"The Office, Season 2",The Office,TV Shows,1.99
The Carpet,"The Office, Season 2",The Office,TV Shows,1.99
Boys and Girls,"The Office, Season 2",The Office,TV Shows,1.99
Valentine's Day,"The Office, Season 2",The Office,TV Shows,1.99
Dwight's Speech,"The Office, Season 2",The Office,TV Shows,1.99
Take Your Daughter to Work Day,"The Office, Season 2",The Office,TV Shows,1.99
Michael's Birthday,"The Office, Season 2",The Office,TV Shows,1.99
Drug Testing,"The Office, Season 2",The Office,TV Shows,1.99
Conflict Resolution,"The Office, Season 2",The Office,TV Shows,1.99
Casino Night - Season Finale,"The Office, Season 2",The Office,TV Shows,1.99
Gay Witch Hunt,"The Office, Season 3",The Office,TV Shows,1.99
The Convention,"The Office, Season 3",The Office,TV Shows,1.99
The Coup,"The Office, Season 3",The Office,TV Shows,1.99
Grief Counseling,"The Office, Season 3",The Office,TV Shows,1.99
The Initiation,"The Office, Season 3",The Office,TV Shows,1.99
Diwali,"The Office, Season 3",The Office,TV Shows,1.99
Branch Closing,"The Office, Season 3",The Office,TV Shows,1.99
The Merger,"The Office, Season 3",The Office,TV Shows,1.99
The Convict,"The Office, Season 3",The Office,Comedy,1.99
"A Benihana Christmas, Pts. 1 & 2","The Office, Season 3",The Office,Comedy,1.99
Back from Vacation,"The Office, Season 3",The Office,Comedy,1.99
Traveling Salesmen,"The Office, Season 3",The Office,Comedy,1.99
Producer's Cut: The Return,"The Office, Season 3",The Office,Comedy,1.99
Ben Franklin,"The Office, Season 3",The Office,Comedy,1.99
Phyllis's Wedding,"The Office, Season 3",The Office,Comedy,1.99
Business School,"The Office, Season 3",The Office,Comedy,1.99
Cocktails,"The Office, Season 3",The Office,Comedy,1.99
The Negotiation,"The Office, Season 3",The Office,Comedy,1.99
Safety Training,"The Office, Season 3",The Office,Comedy,1.99
Product Recall,"The Office, Season 3",The Office,Comedy,1.99
Women's Appreciation,"The Office, Season 3",The Office,Comedy,1.99
Beach Games,"The Office, Season 3",The Office,Comedy,1.99
The Job,"The Office, Season 3",The Office,Comedy,1.99
How to Stop an Exploding Man,"Heroes, Season 1",Heroes,Drama,1.99
Through a Looking Glass,"Lost, Season 3",Lost,Drama,1.99
"Battlestar Galactica, Pt. 1","Battlestar Galactica (Classic), Season 1",Battlestar Galactica (Classic),Sci Fi & Fantasy,1.99
"Battlestar Galactica, Pt. 2","Battlestar Galactica (Classic), Season 1",Battlestar Galactica (Classic),Sci Fi & Fantasy,1.99
"Battlestar Galactica, Pt. 3","Battlestar Galactica (Classic), Season 1",Battlestar Galactica (Classic),Sci Fi & Fantasy,1.99
"Lost Planet of the Gods, Pt. 1","Battlestar Galactica (Classic), Season 1",Battlestar Galactica (Classic),Sci Fi & Fantasy,1.99
"Lost Planet of the Gods, Pt. 2","Battlestar Galactica (Classic), Season 1",Battlestar Galactica (Classic),Sci Fi & Fantasy,1.99
The Lost Warrior,"Battlestar Galactica (Classic), Season 1",Battlestar Galactica (Classic),Sci Fi & Fantasy,1.99
The Long Patrol,"Battlestar Galactica (Classic), Season 1",Battlestar Galactica (Classic),Sci Fi & Fantasy,1.99
"The Gun On Ice Planet Zero, Pt. 1","Battlestar Galactica (Classic), Season 1",Battlestar Galactica (Classic),Sci Fi & Fantasy,1.99
"The Gun On Ice Planet Zero, Pt. 2","Battlestar Galactica (Classic), Season 1",Battlestar Galactica (Classic),Sci Fi & Fantasy,1.99
The Magnificent Warriors,"Battlestar Galactica (Classic), Season 1",Battlestar Galactica (Classic),Sci Fi & Fantasy,1.99
The Young Lords,"Battlestar Galactica (Classic), Season 1",Battlestar Galactica (Classic),Sci Fi & Fantasy,1.99
"The Living Legend, Pt. 1","Battlestar Galactica (Classic), Season 1",Battlestar Galactica (Classic),Sci Fi & Fantasy,1.99
"The Living Legend, Pt. 2","Battlestar Galactica (Classic), Season 1",Battlestar Galactica (Classic),Sci Fi & Fantasy,1.99
Fire In Space,"Battlestar Galactica (Classic), Season 1",Battlestar Galactica (Classic),Sci Fi & Fantasy,1.99
"War of the Gods, Pt. 1","Battlestar Galactica (Classic), Season 1",Battlestar Galactica (Classic),Sci Fi & Fantasy,1.99
"War of the Gods, Pt. 2","Battlestar Galactica (Classic), Season 1",Battlestar Galactica (Classic),Sci Fi & Fantasy,1.99
The Man With Nine Lives,"Battlestar Galactica (Classic), Season 1",Battlestar Galactica (Classic),Sci Fi & Fantasy,1.99
Murder On the Rising Star,"Battlestar Galactica (Classic), Season 1",Battlestar Galactica (Classic),Sci Fi & Fantasy,1.99
"Greetings from Earth, Pt. 1","Battlestar Galactica (Classic), Season 1",Battlestar Galactica (Classic),Sci Fi & Fantasy,1.99
"Greetings from Earth, Pt. 2","Battlestar Galactica (Classic), Season 1",Battlestar Galactica (Classic),Sci Fi & Fantasy,1.99
Baltar's Escape,"Battlestar Galactica (Classic), Season 1",Battlestar Galactica (Classic),Sci Fi & Fantasy,1.99
Experiment In Terra,"Battlestar Galactica (Classic), Season 1",Battlestar Galactica (Classic),Sci Fi & Fantasy,1.99
Take the Celestra,"Battlestar Galactica (Classic), Season 1",Battlestar Galactica (Classic),Sci Fi & Fantasy,1.99
The Hand of God,"Battlestar Galactica (Classic), Season 1",Battlestar Galactica (Classic),Sci Fi & Fantasy,1.99
Pilot,Aquaman,Aquaman,TV Shows,1.99
"Through the Looking Glass, Pt. 2","Lost, Season 3",Lost,Drama,1.99
"Through the Looking Glass, Pt. 1","Lost, Season 3",Lost,Drama,1.99
"Past, Present, and Future","LOST, Season 4",Lost,Drama,1.99
The Beginning of the End,"LOST, Season 4",Lost,Drama,1.99
LOST Season 4 Trailer,"LOST, Season 4",Lost,Drama,1.99
LOST In 8:15,"LOST, Season 4",Lost,Drama,1.99
Confirmed Dead,"LOST, Season 4",Lost,Drama,1.99
The Economist,"LOST, Season 4",Lost,Drama,1.99
Eggtown,"LOST, Season 4",Lost,TV Shows,1.99
The Constant,"LOST, Season 4",Lost,Drama,1.99
The Other Woman,"LOST, Season 4",Lost,Drama,1.99
Ji Yeon,"LOST, Season 4",Lost,TV Shows,1.99
Meet Kevin Johnson,"LOST, Season 4",Lost,TV Shows,1.99
The Shape of Things to Come,"LOST, Season 4",Lost,Drama,1.99
Something Nice Back Home,"LOST, Season 4",Lost,Drama,1.99
Cabin Fever,"LOST, Season 4",Lost,Drama,1.99
"There's No Place Like Home, Pt. 1","LOST, Season 4",Lost,Drama,1.99
"There's No Place Like Home, Pt. 2","LOST, Season 4",Lost,Drama,1.99
"There's No Place Like Home, Pt. 3","LOST, Season 4",Lost,Drama,1.99
Branch Closing,"The Office, Season 3",The Office,Comedy,1.99
The Return,"The Office, Season 3",The Office,Comedy,1.99
